{"cameraMode":{"drawMode":0,"name":"Shaded","section":"Shading Mode"},"sceneLighting":true,"audioPlay":false,"sceneViewState":{"showFog":true,"showMaterialUpdate":false,"showSkybox":true,"showFlares":true,"showImageEffects":true,"showParticleSystems":true},"in2DMode":false,"pivot":{"x":7.8337860107421879,"y":2.8821792602539064,"z":0.3964952826499939},"rotation":{"x":0.33802366256713869,"y":-0.09128924459218979,"z":0.032949354499578479,"w":0.936150848865509},"size":1.813624382019043,"orthographic":false}