{"cameraMode":{"drawMode":0,"name":"Shaded","section":"Shading Mode"},"sceneLighting":false,"audioPlay":false,"sceneViewState":{"showFog":true,"showMaterialUpdate":false,"showSkybox":false,"showFlares":true,"showImageEffects":true,"showParticleSystems":true},"in2DMode":false,"pivot":{"x":-0.26871585845947268,"y":28.155372619628908,"z":-0.4508325755596161},"rotation":{"x":0.09388195723295212,"y":-0.7829722166061401,"z":0.1219491958618164,"w":0.6027812361717224},"size":1.358651041984558,"orthographic":false}