{"cameraMode":{"drawMode":0,"name":"Shaded","section":"Shading Mode"},"sceneLighting":false,"audioPlay":false,"sceneViewState":{"showFog":true,"showMaterialUpdate":false,"showSkybox":false,"showFlares":true,"showImageEffects":true,"showParticleSystems":true},"in2DMode":false,"pivot":{"x":-0.2644190490245819,"y":0.3290192186832428,"z":-0.13801062107086183},"rotation":{"x":-0.004340593237429857,"y":0.9954646825790405,"z":-0.07661110162734986,"w":-0.056505441665649417},"size":1.2247449159622193,"orthographic":false}